0.00047898292541503906,0
0.0005164146423339844,22.00
0.0005259513854980469,
0.0005438327789306641,22.00
0.0005614757537841797,22.00
0.0005788803100585938,22.00
0.001165151596069336,22.00
0.0011837482452392578,22.00
0.0012013912200927734,22.00
0.001219034194946289,22.00
0.0012366771697998047,22.00
0.0012543201446533203,22.00
0.001271963119506836,22.00
0.0012898445129394531,22.00
0.0013074874877929688,22.00
0.0013251304626464844,22.00
0.0013480186462402344,22.00
0.0013766288757324219,22.00
0.0014009475708007812,22.00
0.0014185905456542969,22.00
0.0014367103576660156,22.00
0.7162997722625732,22.00
0.7196118831634521,22.00
0.7241222858428955,22.00
0.7276508808135986,22.00
0.732440710067749,22.00
0.7399487495422363,22.00
0.7440793514251709,22.00
0.7482860088348389,22.00
0.7524435520172119,22.00
0.760277509689331,22.00
0.7646474838256836,22.00
0.7685883045196533,22.00
0.7728147506713867,22.00
0.7768006324768066,22.00
0.7850232124328613,22.00
0.7890892028808594,22.00
0.7931811809539795,22.00
0.7979717254638672,22.00
0.8054320812225342,22.00
0.8096821308135986,22.00
0.8137285709381104,22.00
0.8182363510131836,22.00
0.8218955993652344,22.00
0.8307912349700928,22.00
0.8349084854125977,22.00
0.8382835388183594,22.00
0.8425486087799072,22.00
0.8511815071105957,22.00
0.8546979427337646,22.00
0.8588082790374756,22.00
0.8635172843933105,22.00
0.8669767379760742,22.00
0.875236988067627,22.00
0.8792312145233154,22.00
0.883873701095581,22.00
0.8875923156738281,22.00
0.8917102813720703,22.00
0.8997452259063721,22.00
0.9037797451019287,22.00
0.9085805416107178,22.00
0.9126870632171631,22.00
0.920527458190918,22.00
0.9245336055755615,22.00
0.9286465644836426,22.00
0.9326074123382568,22.00
0.9367167949676514,22.00
0.9448719024658203,22.00
0.9493710994720459,22.00
0.9532558917999268,22.00
0.9572398662567139,22.00
0.9654302597045898,22.00
0.9694981575012207,22.00
0.9741342067718506,22.00
0.9777216911315918,22.00
0.9816927909851074,22.00
0.9898462295532227,22.00
0.9939432144165039,22.00
0.9982340335845947,22.00
1.0026483535766602,22.00
1.010314702987671,22.00
1.0145516395568848,22.00
1.0185723304748535,22.00
1.022634506225586,22.00
1.0267486572265625,22.00
1.034888744354248,22.00
1.0391125679016113,22.00
1.0435075759887695,22.00
1.0478801727294922,22.00
1.0553395748138428,22.00
1.059593677520752,22.00
1.0637834072113037,22.00
1.0676896572113037,22.00
1.0717909336090088,22.00
1.0800530910491943,22.00
1.0840332508087158,21.75
1.0881493091583252,21.75
1.0925037860870361,21.75
1.1006059646606445,21.75
1.1045377254486084,21.75
1.108705759048462,21.75
1.1127498149871826,21.75
1.1168103218078613,21.75
1.1251442432403564,21.75
1.1293470859527588,21.75
1.1333985328674316,21.75
1.1373372077941895,21.75
1.1454756259918213,21.75
1.1496779918670654,21.75
1.1536524295806885,21.75
1.157716989517212,22.00
1.162093162536621,22.00
1.1700501441955566,22.00
1.174626111984253,22.00
1.178359031677246,22.00
1.182459831237793,22.00
1.190603494644165,22.00
1.1949007511138916,22.00
1.1987333297729492,22.00
1.2029237747192383,22.00
1.2069251537322998,22.00
1.2152223587036133,22.00
1.219548225402832,22.00
1.2239899635314941,22.00
1.2276251316070557,22.00
1.2355971336364746,22.00
1.2396628856658936,22.00
1.24373459815979,22.00
1.2480063438415527,22.00
1.2519919872283936,22.00
1.2601544857025146,22.00
1.2644741535186768,22.00
1.2683799266815186,22.00
1.2724132537841797,22.00
1.2767126560211182,22.00
1.2847580909729004,22.00
1.288964033126831,22.00
1.2930912971496582,22.00
1.2976202964782715,22.00
1.30515456199646,22.00
1.3095602989196777,22.00
1.3136005401611328,22.00
1.3176233768463135,22.00
1.3217098712921143,22.00
1.3297996520996094,22.00
1.3340537548065186,22.00
1.3380026817321777,22.00
1.3422424793243408,22.00
1.3505239486694336,22.00
1.3543243408203125,22.00
1.3586046695709229,22.00
1.3626041412353516,22.00
1.3666753768920898,22.00
1.374993085861206,22.00
1.378990650177002,22.00
1.383249282836914,22.00
1.3871707916259766,22.00
1.3954486846923828,22.00
1.3996057510375977,22.00
1.403613805770874,22.00
1.4076423645019531,22.00
1.4117214679718018,22.00
1.4199292659759521,22.00
1.4239757061004639,22.00
1.4282970428466797,22.00
1.4323158264160156,22.00
1.440455675125122,22.00
1.444568157196045,22.00
1.4492833614349365,22.00
1.452723503112793,22.00
1.4569861888885498,22.00
1.4650969505310059,22.00
1.469193696975708,22.00
1.473193645477295,22.00
1.4776921272277832,22.00
1.4854540824890137,22.00
1.4897234439849854,22.00
1.4937083721160889,22.00
1.4984126091003418,22.00
1.5019891262054443,22.00
1.5100817680358887,22.00
1.5142362117767334,22.00
1.518338680267334,22.00
1.5225374698638916,22.00
1.5306284427642822,22.00
1.534898042678833,22.00
1.5387001037597656,22.00
1.5428566932678223,22.00
1.5468709468841553,22.00
1.5557477474212646,22.00
1.559889316558838,22.00
1.563993215560913,22.00
1.5676498413085938,22.00
1.5756146907806396,22.00
1.5796244144439697,22.00
1.583817481994629,22.00
1.587855339050293,22.00
1.5926377773284912,22.00
1.6008458137512207,22.00
1.6042842864990234,22.00
1.608342170715332,22.00
1.6126501560211182,22.00
1.620696783065796,22.00
1.6253514289855957,22.00
1.629467487335205,22.00
1.6336069107055664,22.00
1.6369690895080566,22.00
1.6452956199645996,22.00
1.6494038105010986,22.00
1.6534035205841064,22.00
1.6574852466583252,22.00
1.6617507934570312,22.00
1.6698009967803955,22.00
1.6739020347595215,22.00
1.678041934967041,22.00
1.6821327209472656,22.00
1.690373420715332,22.00
1.6944365501403809,22.00
1.6985344886779785,22.00
1.7026286125183105,22.00
1.706664800643921,22.00
1.7148268222808838,22.00
1.7193882465362549,22.00
1.7231934070587158,22.00
1.7276418209075928,22.00
1.7354230880737305,22.00
1.7394161224365234,22.00
1.743668556213379,22.00
1.747673511505127,22.00
1.7517359256744385,22.00
1.7598588466644287,22.00
1.7640228271484375,22.00
1.7680656909942627,22.00
1.7722010612487793,22.00
1.7802391052246094,22.00
1.7846283912658691,22.00
1.7885544300079346,22.00
1.792708396911621,22.00
1.7969377040863037,22.00
1.8049533367156982,22.00
1.8097114562988281,22.00
1.8138442039489746,22.00
1.8174612522125244,22.00
1.8254952430725098,22.00
1.8297393321990967,22.00
1.834294080734253,22.00
1.837740421295166,22.00
1.842463731765747,22.00
1.8501849174499512,22.00
1.8541576862335205,22.00
1.8583447933197021,22.00
1.8625566959381104,22.00
1.8705506324768066,22.00
1.8746483325958252,22.00
1.8787038326263428,22.00
1.882739782333374,22.00
1.8869781494140625,22.00
1.895761251449585,22.00
1.8992624282836914,22.00
1.903444528579712,22.00
1.9072942733764648,22.00
1.915593147277832,22.00
1.9196910858154297,22.00
1.9238407611846924,22.00
1.9278578758239746,22.00
1.9320299625396729,22.00
1.9401345252990723,22.00
1.9446287155151367,22.00
1.9484498500823975,22.00
1.9525845050811768,22.00
1.9612360000610352,22.00
1.9654054641723633,22.00
1.9689335823059082,22.00
1.972886085510254,22.00
1.976975679397583,22.00
1.9852192401885986,22.00
1.989966869354248,22.00
1.9940905570983887,22.00
1.998182773590088,22.00
2.001711845397949,22.00
2.0097603797912598,22.00
2.0140788555145264,22.00
2.0181915760040283,22.00
2.0227084159851074,22.00
2.0303971767425537,22.00
2.0345582962036133,22.00
2.0384654998779297,22.00
2.042733669281006,22.00
2.046828031539917,22.00
2.0547983646392822,22.25
2.0595927238464355,22.25
2.0636799335479736,22.25
2.0676300525665283,22.25
2.0754964351654053,22.25
2.0794994831085205,22.25
2.0835559368133545,22.25
2.087574005126953,22.25
2.0923891067504883,22.25
2.0999538898468018,22.25
2.1040492057800293,22.25
2.108248233795166,22.25
2.1123647689819336,22.25
2.1203079223632812,22.25
2.1251232624053955,22.25
2.1292126178741455,22.25
2.132596015930176,22.25
2.136752128601074,22.25
2.1451244354248047,22.25
2.1490402221679688,22.25
2.15321683883667,22.25
2.15761661529541,22.25
2.165336847305298,22.25
2.169581890106201,22.25
2.1737148761749268,22.25
2.177945613861084,22.25
2.1818199157714844,22.25
2.189936399459839,22.25
2.194072961807251,22.25
2.1984198093414307,22.25
2.2024402618408203,22.25
2.2110953330993652,22.25
2.215205430984497,22.25
2.219320297241211,22.25
2.2227301597595215,22.25
2.2270383834838867,22.25
2.2350242137908936,22.25
2.239152193069458,22.25
2.2435286045074463,22.25
2.2480216026306152,22.25
2.2554612159729004,22.25
2.2596824169158936,22.25
2.263723611831665,22.25
2.267709493637085,22.25
2.271890163421631,22.50
2.2802133560180664,22.50
2.2842822074890137,22.50
2.28840708732605,22.50
2.2924997806549072,22.50
2.3012611865997314,22.50
2.304744243621826,22.50
2.3094289302825928,22.50
2.313575506210327,22.50
2.3168983459472656,22.50
2.3253214359283447,22.50
2.329294204711914,22.50
2.333672285079956,22.50
2.337592124938965,22.50
2.3460490703582764,22.50
2.349736213684082,22.50
2.3537960052490234,22.50
2.358595371246338,22.50
2.3626768589019775,22.50
2.370638608932495,22.50
2.3750064373016357,22.50
2.378410577774048,22.50
2.3825697898864746,22.50
2.386647939682007,22.50
2.3947904109954834,22.50
2.3988940715789795,22.50
2.402935266494751,22.50
2.4076714515686035,22.50
2.4153451919555664,22.50
2.419543743133545,22.50
2.4235246181488037,22.50
2.4276630878448486,22.50
2.4322891235351562,22.50
2.439840078353882,22.50
2.444171905517578,22.50
2.4481053352355957,22.50
2.452603340148926,22.50
2.460973024368286,22.50
2.4651272296905518,22.50
2.4685137271881104,22.50
2.4728517532348633,22.50
2.476611375808716,22.50
2.4848856925964355,22.50
2.489046335220337,22.50
2.4937832355499268,22.50
2.497879981994629,22.50
2.5054006576538086,22.50
2.5095582008361816,22.50
2.5142321586608887,22.50
2.5176749229431152,22.50
2.5217089653015137,22.50
2.530689239501953,22.50
2.534454584121704,22.50
2.5381104946136475,22.50
2.542409658432007,22.50
2.5510809421539307,22.50
2.554570436477661,22.50
2.558687448501587,22.50
2.562753915786743,22.50
2.566859245300293,22.50
2.5750317573547363,22.50
2.5791573524475098,22.50
2.5832135677337646,22.50
2.587446451187134,22.50
2.595609426498413,22.50
2.5998482704162598,22.50
2.603665351867676,22.50
2.607818841934204,22.50
2.612288236618042,22.50
2.620135545730591,22.50
2.6241185665130615,22.50
2.6283457279205322,22.50
2.6324214935302734,22.50
2.641183614730835,22.50
2.6453425884246826,22.50
2.648763418197632,22.50
2.652829647064209,22.50
2.6569924354553223,22.50
2.6652746200561523,22.50
2.669360637664795,22.50
2.6739909648895264,22.50
2.6775407791137695,22.50
2.6855125427246094,22.50
2.6896538734436035,22.50
2.693824529647827,22.50
2.6980702877044678,22.50
2.7020959854125977,22.50
2.7108540534973145,22.50
2.714508533477783,22.50
2.7183470726013184,22.50
2.722498893737793,22.75
2.7308480739593506,22.75
2.734764575958252,22.75
2.7390310764312744,22.75
2.7436230182647705,22.75
2.747079849243164,22.75
2.7552976608276367,22.75
2.7595276832580566,22.75
2.763606071472168,22.75
2.767627716064453,22.75
2.7716410160064697,22.75
2.7798118591308594,22.75
2.7840399742126465,22.75
2.7879600524902344,22.75
2.792168378829956,22.75
2.8004941940307617,22.75
2.8044185638427734,22.75
2.8086349964141846,22.75
2.8126871585845947,22.75
2.816678524017334,22.75
2.82497239112854,22.75
2.828930139541626,22.75
2.833171844482422,22.75
2.837315559387207,22.75
2.84554386138916,22.75
2.8496592044830322,22.75
2.8536975383758545,22.75
2.8583037853240967,22.75
2.8617544174194336,22.75
2.8699450492858887,22.75
2.874213457107544,22.75
2.878661632537842,22.75
2.8823111057281494,22.75
2.891029119491577,22.75
2.8945300579071045,22.75
2.8992862701416016,22.75
2.9026880264282227,22.75
2.9067070484161377,22.75
2.915165662765503,22.75
2.919534921646118,22.75
2.9231717586517334,22.75
2.9279537200927734,22.75
2.93558931350708,22.75
2.9397764205932617,22.75
2.944328546524048,22.75
2.9478371143341064,22.75
2.9519121646881104,22.75
2.960170269012451,22.75
2.964137554168701,22.75
2.9682750701904297,22.75
2.972992420196533,22.75
2.9805757999420166,22.75
2.9848990440368652,22.75
2.9888553619384766,22.75
2.9928343296051025,22.75
2.9971137046813965,22.75
3.0057647228240967,22.75
3.0093259811401367,22.75
3.0134236812591553,22.75
3.0176198482513428,22.75
3.025543212890625,22.75
3.0296919345855713,22.75
3.0337657928466797,22.75
3.0378165245056152,22.75
3.042649984359741,22.75
3.050849199295044,22.75
3.054263114929199,22.75
3.0584490299224854,22.75
3.0625574588775635,22.75
3.0706787109375,22.75
3.07478928565979,22.75
3.0789897441864014,22.75
3.0834732055664062,22.75
3.087042808532715,22.75
3.0954811573028564,22.75
3.0994975566864014,22.75
3.1034605503082275,22.75
3.1076266765594482,22.75
3.112302303314209,22.75
3.1198501586914062,22.75
3.1239941120147705,22.75
3.1280930042266846,22.75
3.13230037689209,22.75
3.140371799468994,22.75
3.1450135707855225,22.75
3.1484792232513428,22.75
3.1526541709899902,22.75
3.156651020050049,22.75
3.165065050125122,22.75
3.168992757797241,22.75
3.173711061477661,22.75
3.1776275634765625,22.75
3.1856117248535156,22.75
3.189434051513672,22.75
3.1936018466949463,22.75
3.1978392601013184,22.75
3.201835870742798,22.75
3.2099876403808594,22.75
3.2140016555786133,22.75
3.2181575298309326,22.75
3.2221364974975586,22.75
3.2310314178466797,22.75
3.2349066734313965,22.75
3.238579273223877,22.75
3.242961883544922,22.75
3.2474145889282227,22.75
3.2549643516540527,22.75
3.259150981903076,22.75
3.2635397911071777,22.75
3.2676682472229004,22.75
3.275653123855591,22.75
3.279696464538574,22.75
3.283674955368042,22.75
3.287724018096924,22.75
3.291842460632324,22.75
3.300142288208008,22.75
3.304198980331421,22.75
3.3084449768066406,22.75
3.3124167919158936,22.75
3.3207743167877197,22.50
3.3247742652893066,22.50
3.3294246196746826,22.50
3.332751989364624,22.50
3.3369154930114746,22.50
3.345785617828369,22.50
3.3498287200927734,22.50
3.3535799980163574,22.50
3.35790753364563,22.50
3.36560320854187,22.50
3.369715452194214,22.50
3.3744113445281982,22.50
3.378161907196045,22.50
3.381972551345825,22.50
3.3907904624938965,22.50
3.394249439239502,22.75
3.3985209465026855,22.75
3.4025137424468994,22.75
3.4112792015075684,22.75
3.4153904914855957,22.75
3.418797492980957,22.75
3.4229071140289307,22.75
3.427114486694336,22.75
3.435234546661377,22.75
3.4393887519836426,22.75
3.443524122238159,22.75
3.4475936889648438,22.75
3.455638885498047,22.75
3.4598188400268555,22.75
3.464069128036499,23.25
3.4681243896484375,23.25
3.4722349643707275,23.25
3.4809987545013428,23.25
3.4843695163726807,23.25
3.488405704498291,23.25
3.4927608966827393,23.25
3.4968504905700684,23.25
3.504800319671631,23.25
3.509631395339966,23.25
3.513230562210083,23.25
3.517110586166382,23.25
3.5259299278259277,23.25
3.530104875564575,23.25
3.53389835357666,23.25
3.537578821182251,22.50
3.541672706604004,22.50
3.5498881340026855,22.50
3.553988456726074,22.50
3.5586647987365723,22.50
3.562812328338623,22.50
3.5704591274261475,22.50
3.574462413787842,22.50
3.578623056411743,22.50
3.5826520919799805,22.50
3.586695909500122,22.50
3.59557843208313,22.50
3.599672317504883,22.50
3.6038036346435547,22.50
3.6073367595672607,22.50
3.6155195236206055,22.50
3.619704008102417,22.50
3.6237189769744873,22.50
3.6284258365631104,22.50
3.6324403285980225,22.50
3.6399848461151123,22.50
3.6442108154296875,22.50
3.6483137607574463,22.50
3.6523852348327637,22.50
3.6611342430114746,22.50
3.665257215499878,22.50
3.668618679046631,22.50
3.6727280616760254,22.50
3.676888942718506,22.50
3.6850762367248535,22.50
3.6893537044525146,22.50
3.69366192817688,22.50
3.6973459720611572,22.50
3.7054643630981445,22.50
3.7097673416137695,22.50
3.713974714279175,22.50
3.717956781387329,22.50
3.7224690914154053,22.50
3.730808734893799,22.50
3.734363317489624,22.50
3.7382473945617676,22.50
3.742540121078491,22.50
3.7506771087646484,22.50
3.754650354385376,22.50
3.7588229179382324,22.50
3.762869119644165,22.50
3.767106294631958,22.50
3.7753870487213135,22.50
3.779559373855591,22.50
3.783449649810791,22.50
3.7874369621276855,22.50
3.7956228256225586,22.50
3.799769878387451,22.50
3.803856134414673,22.50
3.8081412315368652,22.50
3.8120386600494385,22.50
3.8202860355377197,22.50
3.824322462081909,22.50
3.8286116123199463,22.50
3.8325960636138916,22.50
3.840676784515381,22.75
3.8448798656463623,22.75
3.8496055603027344,22.75
3.8529531955718994,22.75
3.8576204776763916,22.75
3.8653430938720703,22.75
3.8694369792938232,22.75
3.873553514480591,22.75
3.877666473388672,22.75
3.8815970420837402,22.75
3.889885187149048,22.75
3.89406681060791,22.75
3.8982033729553223,22.75
3.9021801948547363,22.75
3.9104597568511963,22.75
3.915137767791748,22.75
3.9185972213745117,22.75
3.9226717948913574,22.75
3.9267194271087646,22.75
3.934904098510742,22.75
3.9389688968658447,22.75
3.943807363510132,22.75
3.9473021030426025,22.75
3.9552721977233887,22.75
3.960146903991699,22.75
3.96376371383667,22.75
3.9676973819732666,22.75
3.971721649169922,22.75
3.979973077774048,22.75
3.9840140342712402,22.75
3.988199472427368,22.75
3.9928030967712402,22.75
4.000465393066406,22.75
4.004595994949341,22.75
4.008626937866211,22.75
4.012763261795044,22.75
4.016920328140259,22.75
4.025165557861328,22.75
4.029239892959595,22.75
4.033485174179077,22.75
4.037447690963745,22.75
4.045665740966797,22.75
4.049831390380859,22.75
4.053714990615845,22.75
4.057916879653931,22.75
4.062554359436035,22.75
4.070065975189209,22.75
4.074334144592285,22.75
4.078305721282959,22.75
4.0823633670806885,22.75
4.0910820960998535,22.75
4.095367670059204,22.75
4.098811388015747,22.75
4.1029298305511475,22.75
4.106971979141235,22.75
4.115328550338745,22.75
4.119905233383179,22.75
4.1236631870269775,22.75
4.1274330615997314,22.75
4.135660648345947,22.75
4.139695405960083,22.75
4.143835067749023,22.75
4.148138046264648,22.75
4.152079105377197,22.75
4.160943984985352,22.75
4.164273738861084,22.75
4.168404817581177,22.75
4.172568321228027,22.75
4.180859327316284,22.75
4.184716463088989,22.75
4.188959360122681,22.75
4.19305944442749,22.75
4.197251081466675,22.75
4.205286741256714,22.75
4.209527015686035,22.75
4.213693141937256,22.75
4.217596769332886,22.75
4.221616744995117,22.75
4.230042934417725,22.75
4.234631299972534,22.75
4.238035202026367,22.75
4.2427637577056885,22.75
4.250600576400757,22.75
4.254450082778931,22.75
4.2586705684661865,22.75
4.262687683105469,22.75
4.267393112182617,22.75
4.275573253631592,22.75
4.279673337936401,22.75
4.283298492431641,22.75
4.287140846252441,22.75
4.296046495437622,22.75
4.3001086711883545,22.75
4.3036839962005615,22.75
4.307666540145874,22.75
4.311733961105347,22.75
4.320045232772827,22.75
4.32421088218689,22.75
4.328841924667358,22.75
4.332983732223511,22.75
4.340487241744995,22.75
4.344685077667236,22.75
4.348654747009277,22.75
4.352721691131592,22.75
4.3569865226745605,22.75
4.365728855133057,22.75
4.369613170623779,22.75
4.3732805252075195,22.75
4.377293348312378,22.75
4.385554552078247,22.75
4.3902428150177,22.75
4.394316911697388,22.75
4.398294448852539,22.75
4.401892423629761,22.75
4.410040855407715,22.75
4.414381980895996,22.75
4.418307065963745,22.75
4.4229896068573,22.75
4.430626153945923,22.75
4.434918403625488,22.75
4.438763618469238,22.75
4.4427244663238525,22.75
4.446990966796875,22.75
4.4557695388793945,22.75
4.45993709564209,22.75
4.463974475860596,22.75
4.468127012252808,22.75
4.4755942821502686,22.75
4.479666471481323,22.75
4.483680248260498,22.75
4.487832307815552,22.75
4.49262261390686,22.75
4.50091552734375,22.75
4.5042030811309814,22.75
4.5084192752838135,22.75
4.51265811920166,22.75
4.520697593688965,22.75
4.5254127979278564,22.75
4.528862476348877,22.75
4.532928466796875,22.75
4.537038326263428,22.75
4.545391082763672,22.75
4.549532413482666,22.75
4.553391456604004,22.75
4.558180809020996,22.75
4.565609693527222,22.75
4.569708585739136,22.75
4.573951959609985,22.75
4.578120470046997,22.75
4.5821332931518555,22.75
4.590571641921997,22.75
4.594631195068359,22.75
4.598581790924072,22.75
4.602755069732666,22.75
4.606712818145752,22.75
4.615081310272217,22.75
4.619059324264526,22.75
4.623122215270996,22.75
4.627154350280762,22.75
4.635431289672852,22.75
4.6394994258880615,22.75
4.643547773361206,22.75
4.648305892944336,22.75
4.651697635650635,23.25
4.660034418106079,23.25
4.664058208465576,23.25
4.6682093143463135,23.25
4.672408580780029,23.25
4.681156396865845,23.25
4.6845927238464355,23.25
4.688561916351318,23.25
4.692717790603638,23.25
4.696784257888794,23.25
4.705005407333374,23.25
4.709713459014893,23.25
4.713873863220215,23.25
4.717275619506836,23.25
4.725566148757935,23.25
4.729576110839844,23.50
4.733879327774048,23.50
4.737701177597046,23.50
4.7418012619018555,23.50
4.750080823898315,23.50
4.754173994064331,23.50
4.758472442626953,23.50
4.7624499797821045,23.50
4.770538330078125,23.50
4.775280714035034,23.50
4.778721332550049,23.50
4.782773733139038,23.50
4.786911964416504,23.50
4.795217752456665,23.50
4.799380540847778,23.50
4.803360223770142,23.50
4.807616710662842,23.50
4.815659761428833,23.50
4.820308446884155,23.50
4.823774576187134,23.50
4.827992677688599,23.50
4.832195043563843,23.50
4.840679883956909,23.50
4.844364881515503,23.50
4.848981857299805,23.50
4.853083848953247,23.50
4.86125373840332,23.50
4.865403413772583,23.50
4.868819236755371,23.50
4.872864246368408,23.50
4.877153158187866,23.50
4.885385274887085,23.50
4.889377593994141,23.50
4.894037246704102,23.50
4.898206949234009,23.50
4.905614376068115,23.50
4.909747838973999,23.50
4.914580345153809,23.50
4.9182562828063965,23.50
4.922050714492798,23.50
4.93062686920166,23.50
4.934337377548218,23.50
4.938431739807129,23.50
4.94257378578186,23.50
4.950690984725952,23.50
4.954805612564087,23.75
4.959539413452148,23.75
4.963047981262207,23.75
4.967250347137451,23.75
4.975537061691284,23.75
4.980108022689819,23.75
4.983444690704346,23.75
4.987615585327148,23.75
4.991719007492065,23.75
5.000143527984619,23.75
5.004114866256714,23.75
5.008058309555054,23.75
5.01286768913269,23.75
5.020458698272705,23.75
5.024549245834351,23.75
5.028665542602539,23.75
5.032711029052734,23.75
5.036744117736816,23.75
5.0456154346466064,23.75
5.0491721630096436,23.75
5.053547382354736,23.75
5.057257175445557,23.75
5.065635681152344,23.75
5.069690942764282,23.75
5.073645353317261,23.75
5.078451156616211,23.75
5.081762790679932,23.75
5.09014368057251,23.75
5.094322919845581,23.75
5.09842324256897,23.75
5.102485418319702,24.00
5.111191272735596,24.00
5.1152729988098145,24.00
5.11870551109314,24.00
5.122741460800171,24.00
5.126885414123535,24.00
5.135096788406372,24.00
5.1397082805633545,24.00
5.143474817276001,24.00
5.147486209869385,24.00
5.155428171157837,24.00
5.159636497497559,24.00
5.163982391357422,24.00
5.16790509223938,24.00
5.172040700912476,24.00
5.180052042007446,24.00
5.184453725814819,24.00
5.188298463821411,24.00
5.192582607269287,24.00
5.200659990310669,24.00
5.204675674438477,24.00
5.208783149719238,24.00
5.212927579879761,24.00
5.2170729637146,24.00
5.225250244140625,24.00
5.229397296905518,24.00
5.233584403991699,24.00
5.2375078201293945,24.00
5.246018648147583,24.00
5.249808311462402,24.00
5.253882169723511,24.00
5.2580530643463135,24.00
5.262063980102539,24.00
5.270356893539429,24.00
5.274292945861816,24.00
5.2786455154418945,24.00
5.282618522644043,24.00
5.290625810623169,24.00
5.294923782348633,24.00
5.299600839614868,24.00
5.303003549575806,24.00
5.3072288036346436,24.00
5.315966367721558,24.00
5.319550514221191,24.00
5.323566913604736,24.00
5.328250169754028,24.00
5.335695743560791,24.00
5.340013027191162,24.00
5.34398889541626,24.00
5.348055601119995,24.00
5.352262735366821,24.00
5.361025094985962,24.00
5.364614963531494,24.00
5.368603944778442,24.00
5.372847080230713,24.00
5.377443552017212,24.00
5.384820222854614,24.00
5.389023065567017,24.00
5.393633604049683,24.00
5.397237777709961,24.00
5.405507802963257,24.00
5.409573078155518,24.00
5.4136810302734375,24.00
5.4182679653167725,24.00
5.421809673309326,24.00
5.430211782455444,24.00
5.434308290481567,24.00
5.4382240772247314,24.00
5.442348957061768,24.00
5.451167106628418,24.00
5.454503774642944,24.00
5.4586193561553955,24.00
5.462783336639404,24.00
5.466805696487427,24.00
5.475593090057373,24.25
5.479823589324951,24.25
5.483382940292358,24.25
5.487406253814697,24.25
5.495610475540161,24.25
5.499875783920288,24.25
5.5036985874176025,24.25
5.5077924728393555,24.25
5.512586355209351,24.25
5.520217418670654,24.25
5.524413108825684,24.25
5.52850341796875,24.25
5.532642126083374,24.25
5.54064679145813,24.25
5.544676065444946,24.25
5.548790216445923,24.25
5.552863836288452,24.25
5.5571208000183105,24.25
5.565420866012573,24.25
5.569570779800415,24.25
5.5735557079315186,24.25
5.578160047531128,24.25
5.5856359004974365,24.25
5.5898120403289795,24.25
5.59396505355835,24.25
5.598155736923218,24.25
5.602029800415039,24.25
5.610484600067139,24.25
5.614422798156738,24.25
5.618411064147949,24.25
5.62247371673584,24.25
5.630704164505005,24.25
5.634922027587891,24.25
5.6390509605407715,24.25
5.642965793609619,24.25
5.647168874740601,24.25
5.655220031738281,24.25
5.659532308578491,24.25
5.663670539855957,24.25
5.667717933654785,24.25
5.6758036613464355,24.25
5.6799986362457275,24.25
5.683902978897095,24.25
5.6879754066467285,24.25
5.692693710327148,24.25
5.700517654418945,24.50
5.7043702602386475,24.50
5.708714962005615,24.50
5.713283061981201,24.50
5.717414617538452,24.50
5.7251012325286865,24.50
5.729479789733887,24.50
5.733566045761108,24.50
5.737282037734985,24.50
5.745661497116089,24.50
5.7501914501190186,24.50
5.753648042678833,24.50
5.757670640945435,24.50
5.762452602386475,24.50
5.770094394683838,24.50
5.774027109146118,24.50
5.778872489929199,24.50
5.782668590545654,24.50
5.790552854537964,24.50
5.794699430465698,24.50
5.798596382141113,24.50
5.802740573883057,24.50
5.806920766830444,24.50
5.8158118724823,24.50
5.819582939147949,24.50
5.823389291763306,24.50
5.827241659164429,24.50
5.835587501525879,24.50
5.839616298675537,24.50
5.843700408935547,24.25
5.847993850708008,24.25
5.851955890655518,24.25
5.860033988952637,24.25
5.864442586898804,24.25
5.868282794952393,24.25
5.872361183166504,24.25
5.881224155426025,24.25
5.884581565856934,24.25
5.888711214065552,24.25
5.892975330352783,24.25
5.897620439529419,24.25
5.905271530151367,24.25
5.909353733062744,24.25
5.91334342956543,24.25
5.917571783065796,24.50
5.925796031951904,24.50
5.929640054702759,24.50
5.933791160583496,24.50
5.937826871871948,24.50
5.942601680755615,24.50
5.950197219848633,24.50
5.954227447509766,24.50
5.9584901332855225,24.50
5.963155269622803,24.50
5.970697641372681,24.50
5.974735260009766,24.50
5.9789793491363525,24.50
5.9830029010772705,24.50
5.9870123863220215,24.50
5.995410203933716,24.50
5.999984979629517,24.50
6.003595352172852,24.50
6.007683277130127,24.50
6.015902042388916,24.50
6.019854307174683,24.50
6.0245654582977295,24.50
6.0286173820495605,24.50
6.032489538192749,24.50
6.040189981460571,24.50
6.044488191604614,24.50
6.048469543457031,24.50
6.05268406867981,24.50
6.061429977416992,24.50
6.065531253814697,24.50
6.069560766220093,24.50
6.073045492172241,24.50
6.077415227890015,24.50
6.085645914077759,24.50
6.089878797531128,24.50
6.093644142150879,24.50
6.098357439041138,24.50
6.101727247238159,24.50
6.110139846801758,24.50
6.114250421524048,24.50
6.11816668510437,24.50
6.12240195274353,24.50
6.131089925765991,24.50
6.134473562240601,24.50
6.138626575469971,24.50
6.143044710159302,24.25
6.1469926834106445,24.25
6.154972076416016,24.25
6.1592442989349365,24.25
6.163980722427368,24.25
6.16739559173584,24.25
6.175436019897461,24.25
6.1796650886535645,24.25
6.183670997619629,24.25
6.187759876251221,24.25
6.192544460296631,24.25
6.200188636779785,24.25
6.204120874404907,24.25
6.208472967147827,24.25
6.212323188781738,24.25
6.220570802688599,24.25
6.224675178527832,24.25
6.228832006454468,24.25
6.23279595375061,24.25
6.236935615539551,24.25
6.2457849979400635,24.25
6.249976873397827,24.25
6.253278970718384,24.25
6.257381200790405,24.25
6.265705347061157,24.25
6.269710540771484,24.25
6.2737956047058105,24.25
6.278550624847412,24.25
6.2825493812561035,24.25
6.290305137634277,24.25
6.294267177581787,24.25
6.299018144607544,24.25
6.302649259567261,24.25
6.3112874031066895,24.25
6.314760446548462,24.25
6.318788528442383,24.25
6.323107004165649,24.25
6.3277037143707275,24.25
6.33524489402771,24.25
6.339301586151123,24.25
6.344110727310181,24.25
6.347673654556274,24.25
6.355862140655518,24.25
6.359806060791016,24.25
6.3645710945129395,24.25
6.368257522583008,24.25
6.372001647949219,24.25
6.380394220352173,24.25
6.384375095367432,24.25
6.388442754745483,24.25
6.392679452896118,24.25
6.400658369064331,24.25
6.40481424331665,24.25
6.40959906578064,24.25
6.412973403930664,24.25
6.417365074157715,24.25
6.425275564193726,24.25
6.430103063583374,24.25
6.434206247329712,24.25
6.437599182128906,24.25
6.445705413818359,24.25
6.450072526931763,24.25
6.4540510177612305,24.25
6.458190441131592,24.25
6.462965965270996,24.25
6.470542669296265,24.25
6.47445821762085,24.25
6.478635787963867,24.25
6.4827258586883545,24.25
6.486697435379028,24.25
6.495616436004639,24.25
6.4997429847717285,24.25
6.503580093383789,24.25
6.507395029067993,24.25
6.515664339065552,24.25
6.51970911026001,24.25
6.5242838859558105,24.25
6.528388738632202,24.25
6.531893968582153,24.25
6.5401060581207275,24.25
6.544038772583008,24.25
6.54847264289856,24.25
6.552419662475586,24.25
6.560626029968262,24.25
6.564725875854492,24.25
6.568748474121094,24.25
6.57280421257019,24.25
6.577112913131714,24.25
6.584989547729492,24.25
6.589648008346558,24.00
6.593938589096069,24.00
6.597505331039429,24.00
6.605548620223999,24.00
6.609889984130859,24.00
6.613998889923096,24.00
6.6179726123809814,24.00
6.622003555297852,24.00
6.630359172821045,24.00
6.634491205215454,24.00
6.638391494750977,24.00
6.642620325088501,24.00
6.650668144226074,24.00
6.654790878295898,24.00
6.658762216567993,24.00
6.663146018981934,24.00
6.667646646499634,24.00
6.675393581390381,24.00
6.679274797439575,24.00
6.6835222244262695,24.00
6.687386989593506,24.00
6.695691347122192,24.00
6.699800491333008,24.00
6.703845977783203,24.00
6.707955360412598,24.00
6.7127604484558105,24.00
6.720244407653809,24.00
6.724384546279907,24.00
6.7291035652160645,24.00
6.7332024574279785,24.00
6.740672826766968,24.00
6.7447593212127686,24.00
6.748932838439941,24.00
6.753073453903198,24.00
6.757349729537964,24.00
6.766067981719971,24.00
6.769591808319092,24.00
6.773621320724487,24.00
6.7777087688446045,24.00
6.785644769668579,24.00
6.790011882781982,24.00
6.794551610946655,24.00
6.798520088195801,24.00
6.802352428436279,24.00
6.810444355010986,24.00
6.814667701721191,24.00
6.8185648918151855,24.00
6.822667598724365,24.00
6.82745885848999,24.00
6.835000038146973,24.00
6.839016437530518,24.00
6.843043804168701,24.00
6.8474719524383545,24.00
6.856072664260864,24.00
6.859575986862183,24.00
6.864277362823486,24.00
6.86825704574585,24.00
6.87167763710022,24.00
6.880175590515137,24.00
6.884023904800415,24.00
6.888245582580566,24.00
6.892640829086304,24.00
6.900590658187866,24.00
6.9044787883758545,24.00
6.908782005310059,24.00
6.912980318069458,24.00
6.916997909545898,24.00
6.92508864402771,24.00
6.9298505783081055,24.00
6.933650732040405,24.00
6.937292575836182,24.00
6.945705890655518,24.00
6.94982385635376,24.00
6.953803777694702,24.00
6.957719564437866,24.00
6.961911201477051,24.00
6.9702208042144775,24.00
6.974336385726929,24.00
6.97836709022522,24.00
6.982583284378052,24.00
6.9906017780303955,24.00
6.994710445404053,24.00
6.998979330062866,24.00
7.003019332885742,24.00
7.007658958435059,24.00
7.015874147415161,24.00
7.019561290740967,24.00
7.023473739624023,24.00
7.027495384216309,24.00
7.0356597900390625,24.00
7.03999662399292,24.00
7.0439653396606445,24.00
7.048648118972778,24.00
7.052195310592651,24.00
7.060667037963867,24.00
7.0645012855529785,24.00
7.068417310714722,24.00
7.072433710098267,24.00
7.0814049243927,24.00
7.084772109985352,24.00
7.0888214111328125,24.00
7.093192100524902,24.00
7.0971479415893555,24.00
7.10551118850708,24.00
7.110058546066284,23.75
7.114184617996216,23.75
7.117682695388794,23.75
7.125980615615845,23.75
7.129857540130615,23.75
7.134084701538086,23.75
7.138140916824341,23.75
7.142618656158447,23.75
7.150345325469971,23.75
7.154362440109253,23.75
7.158593654632568,23.75
7.162640333175659,23.75
7.1707305908203125,23.75
7.1749162673950195,23.75
7.179007530212402,23.75
7.183153390884399,24.00
7.187247037887573,24.00
7.195353984832764,24.00
7.1995344161987305,24.00
7.203552722930908,24.00
7.207663297653198,24.00
7.211788892745972,24.00
7.219951152801514,24.00
7.224121332168579,24.00
7.228175640106201,24.00
7.2323973178863525,24.00
7.240525007247925,24.00
7.244669437408447,24.00
7.2486677169799805,24.00
7.252753496170044,24.00
7.256836175918579,24.00
7.2658069133758545,24.00
7.269300699234009,24.00
7.2732226848602295,24.00
7.277454376220703,24.00
7.285520315170288,24.00
7.289654016494751,24.00
7.293899297714233,24.00
7.298482894897461,24.00
7.302419185638428,24.00
7.310296535491943,24.00
7.314968585968018,24.00
7.318314075469971,24.00
7.322356700897217,24.00
7.3312482833862305,24.00
7.334690570831299,24.00
7.338724613189697,24.00
7.343047380447388,24.00
7.34719443321228,24.00
7.355231523513794,24.00
7.359922885894775,24.00
7.363654851913452,24.00
7.367615461349487,24.00
7.375676870346069,24.00
7.380385398864746,24.00
7.3838231563568115,24.00
7.387921333312988,24.00
7.39259147644043,24.00
7.400293588638306,24.00
7.404236555099487,24.00
7.408462285995483,23.75
7.413152456283569,23.75
7.420741558074951,23.75
7.424889326095581,23.75
7.428840160369873,23.75
7.433230876922607,23.75
7.437057971954346,23.75
7.445393323898315,23.75
7.44929313659668,23.75
7.4535462856292725,23.75
7.4575583934783936,23.75
7.46592378616333,23.75
7.469837427139282,23.75
7.474015712738037,23.75
7.478086948394775,23.75
7.482204914093018,23.75
7.4903929233551025,23.75
7.494566440582275,23.75
7.498654365539551,23.75
7.502595901489258,23.75
7.511409521102905,23.75
7.514871597290039,23.75
7.519029378890991,23.75
7.523092031478882,23.75
7.52727484703064,23.75
7.535491943359375,23.75
7.53960394859314,23.75
7.543697834014893,23.75
7.547685384750366,23.75
7.555684804916382,23.75
7.560014963150024,23.75
7.564273118972778,23.75
7.568090200424194,23.75
7.572337865829468,23.75
7.580387592315674,23.75
7.584605693817139,23.75
7.58859658241272,23.75
7.5928637981414795,23.75
7.597012758255005,23.75
7.605141639709473,23.75
7.609303712844849,23.75
7.613358497619629,23.75
7.6175758838653564,23.75
7.625614643096924,23.75
7.629866361618042,23.75
7.633908987045288,23.75
7.6377856731414795,23.75
7.641832113265991,23.75
7.650059461593628,23.75
7.654052257537842,23.75
7.658933162689209,23.75
7.662283897399902,23.75
7.670638561248779,23.75
7.6745874881744385,23.75
7.6789562702178955,23.75
7.682765007019043,23.75
7.6869590282440186,23.75
7.695229530334473,23.75
7.699606895446777,23.75
7.703198432922363,23.75
7.707513809204102,23.75
7.71567964553833,23.75
7.719687461853027,23.75
7.723796844482422,23.75
7.72855019569397,23.75
7.732694387435913,23.75
7.740360260009766,23.75
7.744926691055298,23.75
7.74838662147522,23.75
7.7524378299713135,23.75
7.76125955581665,23.75
7.7647175788879395,23.75
7.768832206726074,23.75
7.772852897644043,23.75
7.777712821960449,23.75
7.7852561473846436,23.75
7.78928804397583,23.75
7.793482303619385,23.75
7.797515630722046,23.75
7.805687427520752,23.75
7.8105363845825195,23.75
7.814583778381348,23.75
7.81826639175415,23.75
7.82215142250061,23.75
7.83025336265564,23.75
7.834481954574585,23.75
7.838581562042236,23.75
7.84265661239624,23.75
7.851456880569458,23.75
7.854870796203613,23.75
7.858905792236328,23.75
7.86319637298584,23.75
7.867298603057861,23.75
7.875683307647705,23.75
7.880144834518433,23.75
7.884249210357666,23.75
7.887706279754639,23.75
7.89575457572937,23.75
7.899915933609009,23.75
7.90402626991272,23.75
7.908099889755249,23.75
7.912994146347046,23.75
7.920403480529785,23.75
7.924596309661865,23.75
7.928679704666138,23.75
7.932944059371948,23.75
7.936758756637573,23.75
7.945751428604126,23.75
7.949178695678711,23.75
7.953272819519043,23.75
7.957378149032593,23.75
7.9655632972717285,23.75
7.969693183898926,23.75
7.973647356033325,23.75
7.978452920913696,23.75
7.981757164001465,23.75
7.990128755569458,23.75
7.994269132614136,23.75
7.9984681606292725,23.75
8.002407789230347,23.75
8.010696172714233,23.75
8.014736652374268,23.75
8.018712997436523,23.75
8.022818088531494,23.75
8.026928901672363,23.75
8.035008668899536,23.75
8.039341926574707,23.75
8.043247699737549,23.75
8.047512292861938,23.75
8.055556774139404,23.75
8.06037950515747,23.75
8.064422130584717,23.75
8.067995548248291,23.75
8.071886539459229,23.75
8.080296993255615,23.75
8.084943771362305,23.75
8.08829951286316,23.75
8.093149185180664,23.75
8.100640535354614,23.75
8.104708909988403,23.75
8.108854055404663,23.75
8.1135733127594,23.75
8.117734432220459,23.75
8.125983953475952,23.75
8.13002347946167,23.75
8.133578062057495,23.75
8.137457609176636,23.75
8.145705699920654,23.75
8.149746894836426,23.75
8.153944492340088,23.75
8.158108949661255,23.75
8.162732124328613,23.75
8.170285940170288,23.75
8.17427945137024,23.75
8.17858624458313,23.75
8.182773113250732,23.75
8.191380977630615,23.75
8.194807529449463,23.75
8.199008226394653,23.75
8.203070878982544,23.75
8.207203149795532,23.75
8.215627193450928,23.75
8.219438791275024,23.75
8.224179744720459,23.75
8.22757887840271,23.75
8.235718965530396,23.75
8.239868640899658,23.75
8.244619607925415,23.75
8.248603105545044,23.75
8.252628087997437,23.75
8.260340452194214,23.75
8.264960050582886,23.75
8.268575668334961,23.75
8.272487878799438,23.75
8.280876159667969,23.75
8.284892082214355,23.75
8.28899621963501,23.75
8.29334306716919,23.75
8.2974112033844,23.75
8.30539584159851,23.75
8.310176134109497,23.75
8.31427788734436,23.75
8.3177330493927,23.75
8.321895122528076,23.75
8.330020189285278,23.75
8.33421540260315,23.75
8.338177919387817,23.75
8.342482089996338,23.75
8.350517988204956,23.75
8.354571342468262,23.75
8.358707189559937,23.75
8.363497495651245,23.75
8.367012739181519,23.75
8.375468492507935,23.75
8.379107236862183,23.75
8.38342809677124,23.75
8.387504816055298,23.75
8.39620065689087,23.75
8.399610757827759,23.75
8.40365481376648,23.75
8.407839298248291,23.75
8.411922454833984,23.75
8.420286417007446,23.75
8.424908876419067,23.75
8.428651094436646,23.75
8.432596206665039,23.75
8.440625429153442,23.75
8.444628715515137,23.75
8.448789119720459,23.75
8.452926397323608,23.75
8.457677841186523,23.75
8.465932846069336,23.75
8.469666481018066,23.75
8.473264694213867,23.75
8.477582931518555,23.75
8.485594987869263,23.75
8.490427255630493,23.75
8.493840456008911,23.75
8.497900247573853,23.75
8.502165079116821,23.75
8.510315179824829,23.75
8.51456594467163,23.75
8.51839280128479,23.75
8.522683382034302,23.75
8.530690670013428,23.75
8.534828424453735,23.75
8.538936138153076,23.75
8.543119668960571,23.75
8.547216653823853,23.75
8.555419445037842,23.75
8.56006121635437,23.75
8.563688278198242,23.75
8.567729711532593,23.75
8.575758695602417,23.75
8.580073833465576,23.75
8.58422064781189,23.75
8.588167190551758,23.75
8.592320680618286,23.75
8.600483417510986,23.75
8.60445523262024,23.75
8.608736753463745,23.75
8.612735271453857,23.75
8.620791912078857,23.75
8.624961137771606,23.75
8.629461526870728,23.75
8.633236646652222,23.75
8.637344598770142,23.75
8.645584106445312,23.75
8.649658679962158,23.75
8.65365195274353,23.75
8.65768313407898,23.75
8.665849208831787,23.75
8.669981002807617,23.75
8.674172163009644,23.75
8.6789071559906,23.75
8.682991981506348,23.75
8.690685272216797,23.75
8.69473385810852,23.75
8.698669910430908,23.75
8.702758312225342,23.75
8.706818342208862,23.75
8.71581745147705,23.75
8.71904969215393,23.75
8.723426103591919,23.75
8.72757077217102,23.75
8.735660791397095,23.75
8.739678382873535,23.75
8.744451522827148,23.75
8.747860670089722,23.75
8.752019166946411,23.75
8.760136127471924,23.75
8.764932870864868,23.75
8.768296480178833,23.75
8.77237606048584,23.75
8.780527830123901,23.75
8.784737825393677,23.75
8.788835048675537,23.75
8.79286813735962,23.75
8.797628402709961,23.75
8.80515456199646,23.75
8.809378385543823,23.75
8.813498497009277,23.75
8.817646026611328,23.75
8.825654745101929,23.75
8.830390453338623,23.75
8.833902359008789,23.75
8.837849855422974,23.75
8.84198808670044,23.75
8.850467681884766,23.75
8.854244232177734,23.75
8.858574151992798,23.75
8.862971067428589,23.75
8.870707750320435,23.75
8.874809503555298,23.75
8.87903904914856,23.75
8.883225440979004,23.75
8.886985778808594,23.75
8.895716190338135,23.75
8.8995201587677,23.75
8.903452157974243,23.75
8.907521486282349,23.75
8.915972471237183,23.75
8.919899225234985,23.75
8.924057006835938,23.75
8.928765296936035,23.75
8.932122468948364,23.75
8.940463542938232,23.75
8.9446702003479,23.75
8.9488046169281,23.75
8.952738761901855,23.75
8.961472272872925,23.75
8.964907169342041,23.75
8.969199419021606,23.75
8.973123550415039,23.75
8.977471590042114,23.75
8.98539686203003,23.75
8.989482879638672,23.75
8.993692874908447,23.75
8.99767804145813,23.75
9.00577712059021,23.75
9.010061979293823,23.75
9.014312028884888,23.75
9.018096685409546,23.75
9.022385120391846,23.75
9.030596733093262,23.75
9.034690618515015,23.75
9.038793563842773,23.75
9.043408632278442,23.50
9.04751205444336,23.50
9.055567741394043,23.50
9.059165954589844,23.50
9.06351923942566,23.50
9.067418813705444,23.50
9.075602054595947,23.50
9.080315589904785,23.50
9.08435583114624,23.50
9.087646245956421,23.50
9.092071771621704,23.50
9.100745439529419,23.50
9.104277849197388,23.50
9.10837173461914,23.50
9.112470388412476,23.50
9.120634317398071,23.50
9.124860763549805,23.50
9.12945032119751,23.50
9.133516788482666,23.50
9.137181758880615,23.50
9.145090579986572,23.50
9.149201393127441,23.50
9.153259515762329,23.50
9.157533407211304,23.50
9.165913105010986,23.50
9.169692039489746,23.50
9.173670053482056,23.50
9.17784595489502,23.50
9.18205976486206,23.50
9.19091272354126,23.50
9.194969654083252,23.50
9.198563575744629,23.50
9.202638387680054,23.50
9.210659742355347,23.50
9.215015649795532,23.50
9.21901798248291,23.50
9.223621129989624,23.50
9.227757215499878,23.50
9.235388278961182,23.50
9.239348649978638,23.50
9.243571281433105,23.50
9.247825622558594,23.50
9.256025075912476,23.50
9.260105848312378,23.50
9.264594078063965,23.50
9.26826548576355,23.50
9.272030115127563,23.50
9.280699014663696,23.50
9.28445816040039,23.50
9.288585662841797,23.50
9.292681694030762,23.50
9.301404237747192,23.50
9.304839134216309,23.50
9.309198379516602,23.50
9.313173770904541,23.50
9.317421674728394,23.50
9.32564115524292,23.50
9.32970929145813,23.50
9.334141492843628,23.50
9.337602376937866,23.50
9.345843076705933,23.50
9.3506019115448,23.50
9.35404109954834,23.50
9.35811161994934,23.50
9.362980604171753,23.50
9.370455741882324,23.50
9.374531507492065,23.50
9.378685474395752,23.50
9.383455991744995,23.50
9.3908052444458,23.50
9.395543336868286,23.50
9.399126291275024,23.50
9.403324127197266,23.50
9.407322645187378,23.50
9.415771007537842,23.50
9.419684886932373,23.50
9.423638582229614,23.50
9.427773237228394,23.50
9.431843757629395,23.50
9.440638780593872,23.50
9.444791555404663,23.50
9.448314428329468,23.50
9.452624559402466,23.50
9.46060562133789,23.50
9.464725255966187,23.50
9.468733787536621,23.50
9.472898006439209,23.50
9.477586507797241,23.50
9.485124349594116,23.50
9.489107847213745,23.50
9.493450164794922,23.50
9.497605800628662,23.50
9.505717277526855,23.50
9.51005244255066,23.50
9.514496088027954,23.50
9.517814874649048,23.50
9.52192234992981,23.50
9.530444860458374,23.50
9.53453540802002,23.50
9.538384675979614,23.50
9.543145418167114,23.50
9.550601243972778,23.50
9.554704189300537,23.50
9.558953762054443,23.50
9.563093423843384,23.50
9.567253828048706,23.50
9.575886011123657,23.50
9.579623937606812,23.50
9.583378553390503,23.50
9.587474822998047,23.50
9.595859289169312,23.50
9.599967002868652,23.50
9.60383129119873,23.50
9.608689069747925,23.50
9.612090110778809,23.50
9.620496988296509,23.50
9.624407768249512,23.50
9.628682374954224,23.50
9.632821559906006,23.50
9.641433715820312,23.50
9.644871234893799,23.50
9.648944854736328,23.50
9.653120994567871,23.50
9.657230854034424,23.50
9.6658616065979,23.50
9.669527053833008,23.50
9.673445463180542,23.50
9.677602291107178,23.50
9.685833215713501,23.50
9.690004348754883,23.50
9.694692611694336,23.50
9.698748350143433,23.50
9.702273845672607,23.50
9.710524797439575,23.50
9.715208292007446,23.50
9.718787670135498,23.50
9.722789287567139,23.50
9.731553792953491,23.50
9.7349214553833,23.50
9.73912787437439,23.50
9.743290901184082,23.50
9.747965097427368,23.50
9.755486011505127,23.50
9.759639978408813,23.50
9.763697385787964,23.50
9.767688751220703,23.50
9.776010513305664,23.50
9.780715703964233,23.50
9.784566402435303,23.50
9.788166999816895,23.50
9.792987585067749,23.50
9.800575256347656,23.50
9.804648399353027,23.50
9.808698892593384,23.50
9.81350040435791,23.50
9.816918849945068,23.50
9.825623989105225,23.50
9.829384326934814,23.50
9.833272695541382,23.50
9.837472438812256,23.50
9.845690727233887,23.50
9.849870204925537,23.50
9.853790998458862,23.50
9.857771635055542,23.50
9.862079620361328,23.50
9.870121717453003,23.50
9.874207973480225,23.50
9.878995180130005,23.50
9.882480382919312,23.50
9.890674114227295,23.50
9.89498233795166,23.50
9.898807525634766,23.50
9.902978658676147,23.50
9.907561302185059,23.50
9.91594648361206,23.50
9.919340372085571,23.50
9.92350435256958,23.50
9.927594423294067,23.50
9.93570590019226,23.50
9.940435409545898,23.50
9.944555521011353,23.50
9.94851279258728,23.50
9.952595949172974,23.50
9.960461139678955,23.50
9.96454668045044,23.50
9.968541145324707,23.50
9.972710132598877,23.50
9.980697631835938,23.50
9.984833240509033,23.50
9.98904800415039,23.50
9.993236303329468,23.50
9.99735689163208,23.50
10.005683183670044,23.50
